<?xml version="1.0" encoding="UTF-8"?>
<window>
	<defaultcontrol always="true">3012</defaultcontrol>
	<onload>Dialog.Close(fullscreeninfo,true)</onload>
	<onload>Dialog.Close(videoosd,true)</onload>
	<controls>
		<control type="group">
			<animation type="WindowOpen" reversible="false">
				<effect type="fade" start="0" end="100" time="400" />
				<effect type="slide" start="0,-181" end="0,0" time="400" />
			</animation>
			<animation type="WindowClose" reversible="false">
				<effect type="fade" start="100" end="0" time="100" />
				<effect type="slide" start="0,0" end="0,-181" time="100" />
			</animation>


			
			<control type="group">
				<height>50</height>
				<!-- Background -->

				<control type="image">
					<top>0</top>
					<width>100%</width>
					<height>50</height>
					<texture colordiffuse="dd000000">bg.png</texture>
				</control>
				<!-- Thumb -->
				<control type="group">
					<top>0</top>
					<left>20</left>
					<control type="image">
						<top>-2</top>
						<left>-2</left>
						<width>254</width>
						<height>50</height>
						<texture>shadow.png</texture>
					</control>
					<control type="image">
						<width>250</width>
						<height>50</height>
						<texture colordiffuse="FF12A0C7">white.jpg</texture>
						<visible>String.IsEmpty(Window.Property(thumb)) + String.IsEmpty(Window.Property(landscape)) + String.IsEmpty(Window.Property(fanart))</visible>
						<visible>false</visible>
					</control>
					<control type="textbox"> <!-- תקציר בוטל לטובת מקורות ברורים יותר -->
						<top>-20</top>
						<left>1000</left>
						<width>430</width>
						<height>120</height>
						<font>font12</font>
						<textcolor>ffffffff</textcolor>
						<shadowcolor>00000000</shadowcolor>
						<align>right</align>
						<autoscroll delay="3000" time="3000" repeat="10000">!Control.HasFocus(13)</autoscroll>
						<label>$INFO[Window.Property(plot)]</label>
						<visible>false</visible>
					</control>
					<control type="image">
					    <top>-20</top>
						<left>-20</left>
						<width>270</width>
						<height>167</height>
						<texture>$INFO[Window.Property(landscape)]</texture>
						<aspectratio>stretch</aspectratio>
						<visible>false</visible>
						
					</control>
					<control type="image">
						<width>250</width>
						<height>141</height>
						<texture>$INFO[Window.Property(fanart)]</texture>
						<aspectratio>scale</aspectratio>
						<visible>String.IsEmpty(Window.Property(landscape))</visible>
						<visible>false</visible>
					</control>
					<control type="image">
						<width>250</width>
						<height>141</height>
						<texture>$INFO[Window.Property(thumb)]</texture>
						<aspectratio>scale</aspectratio>
						<visible>String.IsEmpty(Window.Property(landscape)) + String.IsEmpty(Window.Property(fanart))</visible>
						<visible>false</visible>
					</control>
					<control type="progress" id="3014">
						<width>270</width>
						<top>0</top>
						<left>-20</left>
						<height>5</height>
						<reveal>true</reveal>
						<righttexture></righttexture>
						<overlaytexture></overlaytexture>
						<lefttexture></lefttexture>
						<texturebg colordiffuse="00ffffff">progress-bg</texturebg>
						<midtexture colordiffuse="FFFF4081">progress-end.png</midtexture>
						<visible>false</visible>
					</control>
				</control>
				<!-- Labels -->
				<control type="group">
					<top>0</top>
					<left>70</left>
					<right>20</right>
					<control type="button" id="3012">
							<label>הפרק הבא</label>
							<height>50</height>
							<posx>0</posx>
						    <posy>0</posy>
							<onleft>3000</onleft>
							<onright>3013</onright>
							<width>230</width>
							<font>font25_title</font>
							<textoffsetx>55</textoffsetx>
							<textcolor>ddffffff</textcolor>
							<focusedcolor>eeffffff</focusedcolor>
							<selectedcolor>ddffffff</selectedcolor>
							<shadowcolor>22000000</shadowcolor>
							<aligny>center</aligny>
							<align>center</align>
				<texturefocus border="10" colordiffuse="ff00b7eb">listselect_fo.png</texturefocus>
				<texturenofocus border="10" colordiffuse="FF212121">button.png</texturenofocus>
				<alttexturefocus border="10" colordiffuse="ff00b7eb">listselect_fo.png</alttexturefocus>
				<alttexturenofocus border="10" colordiffuse="FF212121">button.png</alttexturenofocus>
							<pulseonselect>no</pulseonselect>
						</control>
						<control type="button" id="3013">
							<label>סגור</label>
							<height>50</height>
							<posx>240</posx>
						    <posy>0</posy>
							<onleft>3012</onleft>
							<onright>3000</onright>
				
							<width>150</width>
							<font>font25_title</font>
							<textoffsetx>15</textoffsetx>
							<textcolor>ddffffff</textcolor>
							<focusedcolor>eeffffff</focusedcolor>
							<selectedcolor>ddffffff</selectedcolor>
							<shadowcolor>22000000</shadowcolor>
							<aligny>center</aligny>
							<align>center</align>
				<texturefocus border="10" colordiffuse="ff00b7eb">listselect_fo.png</texturefocus>
				<texturenofocus border="10" colordiffuse="FF212121">button.png</texturenofocus>
				<alttexturefocus border="10" colordiffuse="ff00b7eb">listselect_fo.png</alttexturefocus>
				<alttexturenofocus border="10" colordiffuse="FF212121">button.png</alttexturenofocus>
							<pulseonselect>no</pulseonselect>
						</control>
						<control type="button" id="3017">
						    <visible>false</visible>
							<label>פתח מקורות</label>
							<height>50</height>
							<posx>230</posx>
						    <posy>0</posy>
							<onleft>3012</onleft>
							<onright>3013</onright>
				
							<width>200</width>
							<font>font25_title</font>
							<textoffsetx>15</textoffsetx>
							<textcolor>ddffffff</textcolor>
							<focusedcolor>eeffffff</focusedcolor>
							<selectedcolor>ddffffff</selectedcolor>
							<shadowcolor>22000000</shadowcolor>
							<aligny>center</aligny>
							<align>center</align>
				<texturefocus border="10" colordiffuse="ff00b7eb">listselect_fo.png</texturefocus>
				<texturenofocus border="10" colordiffuse="FF212121">button.png</texturenofocus>
				<alttexturefocus border="10" colordiffuse="ff00b7eb">listselect_fo.png</alttexturefocus>
				<alttexturenofocus border="10" colordiffuse="FF212121">button.png</alttexturenofocus>
							<pulseonselect>no</pulseonselect>
						</control>
					</control>
					<control type="list" id="3000">
						<description>List to hold 'buttons'</description>
						<posx>1000</posx>
						<posy>0</posy>
						<width>1000</width>
						<height>50</height>
						<onright>3012</onright>
						<onleft>3013</onleft>  
						<viewtype label="3D list">list</viewtype>
						<pagecontrol>105</pagecontrol>
						 <!-- <itemgap>20</itemgap> -->
						<itemlayout width="900" height="55">                
							<control type="image">
								<posx>0</posx>
								<posy>0</posy>
								<width>910</width>
								<height>50</height>
								<!-- <texture border="5">button-nofocus.png</texture> -->
							</control>
						   <control type="label">
								<posx>0</posx>
								<posy>0</posy>
								<width>900</width>
								<height>48</height>
								<font>font-20b</font>
								<textcolor>white</textcolor>
								<!-- <aligny>center</aligny>		     -->
								<align>right</align>
								<info>ListItem.Label</info>
							</control>
						<!-- [server/] -->
					   </itemlayout>
					   <focusedlayout width="900" height="55">
							<control type="image">
								<visible>Control.HasFocus(3000)</visible>
								<posx>0</posx>
								<posy>0</posy>
								<width>910</width>
								<height>50</height>                                 
								<texture colordiffuse="ff00b7eb"  border="5" fallback="listselect_fo.png">button-focus.png</texture>
							</control>
							<control type="label">
								
								<posx>0</posx>
								<posy>0</posy>
								<width>900</width>
								<height>48</height>
								<font>font-20b</font>
					
								<textcolor>white</textcolor>
								<!-- <aligny>center</aligny>		     -->
							<align>right</align>
								<info>ListItem.Label</info>
							</control>
						</focusedlayout>
					</control>  
					<!-- Time -->
					<control type="label" id="3015">
						<top>50</top>
						<width>auto</width>
						<height>35</height>
						<left>300</left>
						<aligny>right</aligny>
						<font>font25_title</font>
						<!-- <textcolor>eeffffff</textcolor> -->
						<!-- <shadowcolor>00000000</shadowcolor> -->
						
						
					</control>
					<control type="label">
						<top>50</top>
						<width>auto</width>
						<height>35</height>
						<left>607</left>
						<aligny>right</aligny>
						<font>font25_title</font>
						<!-- <textcolor>eeffffff</textcolor> -->
						<!-- <shadowcolor>00000000</shadowcolor> -->
						<label>[COLOR FFFF4081]$INFO[Player.TimeRemaining,,][/COLOR]הפרק מסתיים ב: </label>
						<visible>false</visible>
					</control>
					<!-- Details -->
					<control type="grouplist">
						<orientation>horizontal</orientation>
						<height>40</height>
						<top>5</top>
						<left>385</left>
						<itemgap>0</itemgap>
						<control type="label">
							<width>auto</width>
							<height>35</height>
							<!-- <aligny>left</aligny> שם של הסדרה כולל עונה ופרק-->
							<!-- <align>left</align> -->
							<font>font-20b</font>
							<!-- <textcolor>eeffffff</textcolor> -->
							<shadowcolor>00000000</shadowcolor>
							<label>$INFO[Window.Property(tvshowtitle)]</label>
							<visible>false</visible>
						</control>
<!-- 						<control type="label">
							<width>auto</width>
							<height>35</height>
							<aligny>right</aligny>
							<font>font-20b</font>
							<!-- <textcolor>eeffffff</textcolor> -->
							<!--<shadowcolor>00000000</shadowcolor>
							<label>$INFO[Window.Property(year),,   ]</label>
							<visible>!String.IsEmpty(Window.Property(year))</visible>
						</control> -->
						<control type="image">
							<width>19</width>
							<height>19</height>
							<aspect>keep</aspect>
							<texture colordiffuse="FFFF4081">star.png</texture>
							<animation effect="slide" end="0,8" time="0" condition="true">Conditional</animation>
							<visible>!String.IsEmpty(Window.Property(rating))</visible>
							<visible>false</visible>
						</control>
<!-- 						<control type="label">
							<width>auto</width>
							<height>35</height>
							<aligny>right</aligny>
							<font>font-20b</font>
							<!-- <textcolor>eeffffff</textcolor> -->
							<!--<shadowcolor>00000000</shadowcolor>
							<label>$INFO[Window.Property(year),,   ]</label>
							<visible>!String.IsEmpty(Window.Property(year))</visible>
						</control> -->
					</control>
					<!-- Buttons -->
					<control type="grouplist">
						<orientation>horizontal</orientation>
						<height>56</height>
						<bottom>0</bottom>
						<itemgap>110</itemgap>
						
					<control type="image">
					<!-- <top>15</top> -->
						<!-- <bottom>0</bottom> -->
						<width>56</width>
						<height>56</height>
						<aspect>keep</aspect>
						<texture colordiffuse="ddffffff">00.png</texture>
						<!-- <animation effect="slide" end="13,-5" time="0" condition="true">Conditional</animation> -->
						
					</control>
				</control>
			</control>
		</control>
	</controls>
</window>