<favourites>
	<favourite name="[COLOR blue][B][/COLOR][/B][COLORyellow][B]NFL LIVE [/COLOR][/B]" thumb="https://encrypted-tbn0.gstatic.com/images?q=tbn:ANd9GcR5cmKw5sjHwAIAV9EDNVhyJp6DPW18mfsoQ6t8FA2sfwz2xV6dEA">ActivateWindow(10025,&quot;plugin://plugin.video.the-loop/?description=No%20information%20available&amp;fanart=http%3a%2f%2fgetwallpapers.com%2fwallpaper%2ffull%2f8%2fe%2f9%2f150258.jpg&amp;iconimage=https%3a%2f%2fencrypted-tbn0.gstatic.com%2fimages%3fq%3dtbn%3aANd9GcR5cmKw5sjHwAIAV9EDNVhyJp6DPW18mfsoQ6t8FA2sfwz2xV6dEA&amp;mode=get_list&amp;name=%5bCOLOR%20blue%5d%5bB%5d%5b%2fCOLOR%5d%5b%2fB%5d%5bCOLORyellow%5d%5bB%5dNFL%20Preseason%20LIVE%20%5b%2fCOLOR%5d%5b%2fB%5d&amp;url=https%3a%2f%2floopaddon.uk%2ffiles%2fxmls%2fdec17%2ffanzone%2fNFLZone.php&amp;sf_options=fanart%3Dhttp%3A%2F%2Fgetwallpapers.com%2Fwallpaper%2Ffull%2F8%2Fe%2F9%2F150258.jpg%26meta%3Dplot%253DNo%252Binformation%252Bavailable%2526votes%253D0%2526label%253D%25255BCOLOR%252Bblue%25255D%25255BB%25255D%25255B%25252FCOLOR%25255D%25255B%25252FB%25255D%25255BCOLORyellow%25255D%25255BB%25255DNFL%252BPreseason%252BLIVE%252B%25255B%25252FCOLOR%25255D%25255B%25252FB%25255D%2526title%253D%25255BCOLOR%252Bblue%25255D%25255BB%25255D%25255B%25252FCOLOR%25255D%25255B%25252FB%25255D%25255BCOLORyellow%25255D%25255BB%25255DNFL%252BPreseason%252BLIVE%252B%25255B%25252FCOLOR%25255D%25255B%25252FB%25255D%26desc%3DNo+information+available%26_options_sf&quot;,return)</favourite>
	<favourite name="nflstreams reddit" thumb="https://b.thumbs.redditmedia.com/Dpr-fnsxIVg259-cyS47Xmk8F1fp6Sbf0sbNRqa-gFE.png">ActivateWindow(10025,&quot;plugin://plugin.video.reddit_viewer/?mode=listSubReddit&amp;type=nflstreams&amp;url=https%3a%2f%2fwww.reddit.com%2fr%2fnflstreams%2f.json%3f%26limit%3d50&amp;sf_options=fanart%3Dhttps%3A%2F%2Fa.thumbs.redditmedia.com%2FimH5f_7trYx7N7VTv3VOSTQ5FBlK-MkpuYkFP_59ia0.png%26meta%3Dplot%253D%25255BCOLOR%252Bcadetblue%25255D%25255BB%25255Dr%25252Fnflstreams%25255B%25252FB%25255D%25255B%25252FCOLOR%25255D%25255Cn%25255BI%25255D%25255B%25252FI%25255D%25255CnShare%252Byour%252BNFL%252BStreams%252Bhere%252521%2526votes%253D0%2526label%253Dnflstreams%26desc%3D%5BCOLOR+cadetblue%5D%5BB%5Dr%2Fnflstreams%5B%2FB%5D%5B%2FCOLOR%5D%0A%5BI%5D%5B%2FI%5D%0AShare+your+NFL+Streams+here%21%26_options_sf&quot;,return)</favourite>
	<favourite name="PureSoccer &quot;YES I KNOW&quot;" thumb="special://home/addons/plugin.video.puresoccer/icon.png">ActivateWindow(10025,&quot;plugin://plugin.video.puresoccer/?sf_options=fanart%3Dspecial%3A%2F%2Fhome%2Faddons%2Fplugin.video.puresoccer%2Ffanart.jpg%26meta%3Dlabel%253DPureSoccer%26desc%3DIncludes+3PM+Kick-Offs%2C+EPL%2C+MLS+and+All+The+Rest+Of+The+Live+Football+Matches+From+Across+The+Globe%26_options_sf&quot;,return)</favourite>
	<favourite name="[COLOR darkmagenta]Sports Replays[/COLOR] Scroll all the way down" thumb="special://home/addons\plugin.video.Supremacy.Sports\icon.png">ActivateWindow(10025,&quot;plugin://plugin.video.Supremacy.Sports/?description=No%20information%20available&amp;fanart=https%3a%2f%2fi.imgur.com%2fV48WTv8.jpg&amp;iconimage=D%3a%5cKODI%5cportable_data%5caddons%5cplugin.video.Supremacy.Sports%5cicon.png&amp;mode=sport_replay&amp;name=%5bCOLOR%20darkmagenta%5dSports%20Replays%5b%2fCOLOR%5d&amp;url&amp;sf_options=fanart%3Dhttps%3A%2F%2Fi.imgur.com%2FV48WTv8.jpg%26meta%3Dplot%253DNo%252Binformation%252Bavailable%2526votes%253D0%2526label%253D%25255BCOLOR%252Bdarkmagenta%25255DSports%252BReplays%25255B%25252FCOLOR%25255D%2526title%253D%25255BCOLOR%252Bdarkmagenta%25255DSports%252BReplays%25255B%25252FCOLOR%25255D%26desc%3DNo+information+available%26_options_sf&quot;,return)</favourite>
	<favourite name="[COLOR orchid]¤[/COLOR] [B][COLOR white]NFL[/COLOR][/B] [COLOR orchid]¤[/COLOR]" thumb="special://home/addons/script.thecrew.artwork/resources/media/thecrew/nfl.png">ActivateWindow(10025,&quot;plugin://plugin.video.thecrew/?action=nfl&amp;sf_options=fanart%3Dspecial%3A%2F%2Fhome%2Faddons%2Fscript.thecrew.artwork%2Fresources%2Fmedia%2Fthecrew%2Ffanart.jpg%26meta%3Dlabel%253D%25255BCOLOR%252Borchid%25255D%2525C2%2525A4%25255B%25252FCOLOR%25255D%252B%25255BB%25255D%25255BCOLOR%252Bwhite%25255DNFL%25255B%25252FCOLOR%25255D%25255B%25252FB%25255D%252B%25255BCOLOR%252Borchid%25255D%2525C2%2525A4%25255B%25252FCOLOR%25255D%26_options_sf&quot;,return)</favourite>
	<favourite name="[COLOR red][B]R[/B][/COLOR][COLOR white][B]ising[/B][/COLOR] [COLOR pink][B]T[/B][/COLOR][COLOR white][B]ides[/B][/COLOR]" thumb="special://home/addons/plugin.video.Rising.Tides/icon.png">ActivateWindow(10025,&quot;plugin://plugin.video.Rising.Tides/?sf_options=fanart%3Dspecial%3A%2F%2Fhome%2Faddons%2Fplugin.video.Rising.Tides%2Ffanart.jpg%26meta%3Dlabel%253D%25255BCOLOR%252Bred%25255D%25255BB%25255DR%25255B%25252FB%25255D%25255B%25252FCOLOR%25255D%25255BCOLOR%252Bwhite%25255D%25255BB%25255Dising%25255B%25252FB%25255D%25255B%25252FCOLOR%25255D%252B%25255BCOLOR%252Bpink%25255D%25255BB%25255DT%25255B%25252FB%25255D%25255B%25252FCOLOR%25255D%25255BCOLOR%252Bwhite%25255D%25255BB%25255Dides%25255B%25252FB%25255D%25255B%25252FCOLOR%25255D%26desc%3DI+don%27t+have+any+affiliation+with+the+content+provider+nor+KODI.Content+freely+available+on+the+internet.More+info+at+%5BCOLOR+lime%5D%5BB%5D%40mullafabz%5B%2FB%5D%5B%2FCOLOR%5D%26_options_sf&quot;,return)</favourite>
</favourites>