<?xml version="1.0" encoding="UTF-8" standalone="yes"?>
<addon id="script.addon.importer.linux" name="[COLOR lime]Addon Importer[/COLOR]" version="18.0.6" provider-name="MALEE MEDIA">
  <requires>
    <import addon="xbmc.python" version="2.26.0"/>
    <import addon="plugin.video.ds"/>
    <import addon="plugin.video.gaia"/>
    <import addon="plugin.video.torque2"/>
	<import addon="plugin.audio.soundcloud"/>
	<import addon="plugin.video.grindhouselearning"/>
	<import addon="plugin.video.fen"/>
	<import addon="plugin.video.shadow"/>
	<import addon="plugin.video.theoath"/>
	<import addon="plugin.googledrive"/>
  </requires>
  <extension point="xbmc.python.pluginsource" library="service.py">
        <provides></provides>
  </extension>
  <extension point="xbmc.service" library="service.py" start="startup" />
  <extension point="xbmc.addon.metadata">
    <summary lang="en">Addon Importer</summary>
    <description lang="en"></description>
    <platform>linux windows</platform>
  </extension>
</addon>
