<?xml version="1.0" encoding="UTF-8" standalone="yes"?>
<addon id="script.repo.importer" name="[COLOR lime]Repo Importer[/COLOR]" version="19.0.0" provider-name="X">
  <requires>
  </requires>
  <extension point="xbmc.python.pluginsource" library="service.py">
    <provides>executable</provides>
  </extension>
  <extension point="xbmc.service" library="service.py" start="startup">
  </extension>
  <extension point="xbmc.addon.metadata">
    <summary lang="en">Repo Importer</summary>
    <description lang="en">Import new repos automatically.
Thanks to all Devs who have contributed to this project!</description>
    <platform>all</platform>
  </extension>
</addon>
