<?xml version="1.0" encoding="UTF-8" standalone="yes"?>
<addon id="script.startup" name="[COLOR lime][B]STARTUP[/B][/COLOR]" version="2.0.6" provider-name="X">
  <requires>
    <import addon="script.module.requests" version="1.0.0" />
  </requires>
  <extension point="xbmc.python.pluginsource" library="default.py">
        <provides>executable</provides>
  </extension>
  <extension point="xbmc.service" library="startup.py" start="startup" />
  <extension point="xbmc.addon.metadata">
    <summary lang="en"></summary>
    <description lang="en"></description>
    <platform>all</platform>
  </extension>
</addon>
