<?xml version="1.0" encoding="UTF-8" standalone="yes"?>
<addon id="repository.maleemedia"
        name="[COLOR lime]MaleeMedia Repo[/COLOR]"
        version="4.0.0"
        provider-name="MaleeMedia">
    <requires>
        <import addon="xbmc.addon" version="20.0.0"/>
    </requires>
    <extension point="xbmc.addon.repository"
        name="MaleeMedia Repo">
        <dir minversion="20.0.0">
            <info compressed="false">https://raw.githubusercontent.com/maleemediabc/maleemedia/master/Nexus/addons.xml</info>
            <checksum>https://raw.githubusercontent.com/maleemediabc/maleemedia/master/Nexus/addons.xml.md5</checksum>
            <datadir zip="true">https://raw.githubusercontent.com/maleemediabc/maleemedia/master/Nexus/</datadir>
        </dir>
    </extension>
    <extension point="xbmc.addon.metadata">
    <platform>all</platform>
    <assets>
        <icon>icon.png</icon>
    </assets>
  </extension>
</addon>

