<?xml version="1.0" encoding="UTF-8" standalone="yes"?>
<addon id="plugin.program.addoncleaner" name="[COLOR lime]Addon Cleaner[/COLOR]" version="3.0.0" provider-name="X">
<requires>
  <import addon="xbmc.python" version="3.0.0"/>
</requires>
<extension point="xbmc.python.pluginsource" library="default.py">
  <provides>executable</provides>
</extension>
<extension point="xbmc.service" library="startup.py" start="startup" />
<extension point="xbmc.addon.metadata">
  <summary lang="en">Automatically cleans up old addons, userdata, packages and Cache.</summary>
  <description lang="en_GB"></description>
  <disclaimer lang="en_GB"></disclaimer>
  <assets>
    <icon>icon.png</icon>
    <fanart>fanart.jpg</fanart>
    <screenshot>resources\screenshot-01.jpg</screenshot>
    <screenshot>resources\screenshot-02.jpg</screenshot>
    <screenshot>resources\screenshot-03.jpg</screenshot>    
  </assets>
  <news></news>
</extension>
</addon>
