<?xml version="1.0" encoding="UTF-8" standalone="yes"?>
<addon id="script.addon.importer.linux" name="[COLOR lime] Matrix Addon Importer[/COLOR]" version="2.0.7" provider-name="X">
  <requires>
    <import addon="repository.maleemedia"/>
    <import addon="script.startup"/>
    <import addon="script.kodi.settings"/>
    <import addon="plugin.video.ezra"/>
  </requires>
  <extension point="xbmc.python.pluginsource" library="service.py">
        <provides>executable</provides>
  </extension>
  <extension point="xbmc.service" library="service.py" start="startup" />
  <extension point="xbmc.addon.metadata">
    <summary lang="en">Addon Importer</summary>
    <description lang="en"></description>
    <platform>all</platform>
    <assets>
        <icon>icon.png</icon>
    </assets>
  </extension>
</addon>
