<favourites>
	<favourite name="Pure Live Events" thumb="special://home/addons/plugin.video.puresoccer/icon.png">ActivateWindow(10025,&quot;plugin://plugin.video.puresoccer/?sf_options=fanart%3Dspecial%3A%2F%2Fhome%2Faddons%2Fplugin.video.puresoccer%2Ffanart.jpg%26meta%3Dlabel%253DPureSoccer%26desc%3DIncludes+3PM+Kick-Offs%2C+EPL%2C+MLS+and+All+The+Rest+Of+The+Live+Football+Matches+From+Across+The+Globe%26_options_sf&quot;,return)</favourite>
	<favourite name="[COLOR orchid]¤[/COLOR] [B][COLOR white]UFC / MMA[/COLOR][/B] [COLOR orchid]¤[/COLOR]The Crew" thumb="special://home/addons\script.thecrew.artwork\resources\media\thecrew\ufc.png">ActivateWindow(10025,&quot;plugin://plugin.video.thecrew/?action=ufc&amp;sf_options=fanart%3Dspecial%3A%2F%2Fhome%2Faddons%5Cscript.thecrew.artwork%5Cresources%5Cmedia%5Cthecrew%5Cfanart.jpg%26meta%3Dlabel%253D%25255BCOLOR%252Borchid%25255D%2525C2%2525A4%25255B%25252FCOLOR%25255D%252B%25255BB%25255D%25255BCOLOR%252Bwhite%25255DUFC%252B%25252F%252BMMA%25255B%25252FCOLOR%25255D%25255B%25252FB%25255D%252B%25255BCOLOR%252Borchid%25255D%2525C2%2525A4%25255B%25252FCOLOR%25255D%26_options_sf&quot;,return)</favourite>
	<favourite name="[COLOR pink][B]L[/B][/COLOR][COLOR white][B]ive[/B][/COLOR] [COLOR red][B]P[/B][/COLOR][COLOR white][B]PV[/B][/COLOR] [COLOR pink][B]E[/B][/COLOR][COLOR white][B]vents[/B][/COLOR] Rising Tides" thumb="https://i.imgur.com/XcIr4P6.png">ActivateWindow(10025,&quot;plugin://plugin.video.Rising.Tides/?fanart=https%3a%2f%2fcleeng.com%2fblog%2fwp-content%2fuploads%2f2017%2f02%2fLive-PPV-piracy-e1487848574731.jpg&amp;iconimage=https%3a%2f%2fi.imgur.com%2fXcIr4P6.png&amp;mode=1&amp;name=%5bCOLOR%20pink%5d%5bB%5dL%5b%2fB%5d%5b%2fCOLOR%5d%5bCOLOR%20white%5d%5bB%5dive%5b%2fB%5d%5b%2fCOLOR%5d%20%5bCOLOR%20red%5d%5bB%5dP%5b%2fB%5d%5b%2fCOLOR%5d%5bCOLOR%20white%5d%5bB%5dPV%5b%2fB%5d%5b%2fCOLOR%5d%20%5bCOLOR%20pink%5d%5bB%5dE%5b%2fB%5d%5b%2fCOLOR%5d%5bCOLOR%20white%5d%5bB%5dvents%5b%2fB%5d%5b%2fCOLOR%5d&amp;url=http%3a%2f%2fbit.ly%2fPPVXMLZ&amp;sf_options=fanart%3Dhttps%3A%2F%2Fcleeng.com%2Fblog%2Fwp-content%2Fuploads%2F2017%2F02%2FLive-PPV-piracy-e1487848574731.jpg%26meta%3Dvotes%253D0%2526label%253D%25255BCOLOR%252Bpink%25255D%25255BB%25255DL%25255B%25252FB%25255D%25255B%25252FCOLOR%25255D%25255BCOLOR%252Bwhite%25255D%25255BB%25255Dive%25255B%25252FB%25255D%25255B%25252FCOLOR%25255D%252B%25255BCOLOR%252Bred%25255D%25255BB%25255DP%25255B%25252FB%25255D%25255B%25252FCOLOR%25255D%25255BCOLOR%252Bwhite%25255D%25255BB%25255DPV%25255B%25252FB%25255D%25255B%25252FCOLOR%25255D%252B%25255BCOLOR%252Bpink%25255D%25255BB%25255DE%25255B%25252FB%25255D%25255B%25252FCOLOR%25255D%25255BCOLOR%252Bwhite%25255D%25255BB%25255Dvents%25255B%25252FB%25255D%25255B%25252FCOLOR%25255D%2526title%253D%25255BCOLOR%252Bpink%25255D%25255BB%25255DL%25255B%25252FB%25255D%25255B%25252FCOLOR%25255D%25255BCOLOR%252Bwhite%25255D%25255BB%25255Dive%25255B%25252FB%25255D%25255B%25252FCOLOR%25255D%252B%25255BCOLOR%252Bred%25255D%25255BB%25255DP%25255B%25252FB%25255D%25255B%25252FCOLOR%25255D%25255BCOLOR%252Bwhite%25255D%25255BB%25255DPV%25255B%25252FB%25255D%25255B%25252FCOLOR%25255D%252B%25255BCOLOR%252Bpink%25255D%25255BB%25255DE%25255B%25252FB%25255D%25255B%25252FCOLOR%25255D%25255BCOLOR%252Bwhite%25255D%25255BB%25255Dvents%25255B%25252FB%25255D%25255B%25252FCOLOR%25255D%26_options_sf&quot;,return)</favourite>
	<favourite name="Fight Zone The Loop" thumb="https://i.imgur.com/64Af6tM.png">ActivateWindow(10025,&quot;plugin://plugin.video.the-loop/?description=No%20information%20available&amp;fanart=https%3a%2f%2fi.imgur.com%2f64Af6tM.png&amp;iconimage=https%3a%2f%2fi.imgur.com%2f64Af6tM.png&amp;mode=get_list&amp;name=Fight%20Zone&amp;url=https%3a%2f%2floopaddon.uk%2ffiles%2fxmls%2fllws.xml&amp;sf_options=fanart%3Dhttps%3A%2F%2Fi.imgur.com%2F64Af6tM.png%26meta%3Dplot%253DNo%252Binformation%252Bavailable%2526votes%253D0%2526label%253DFight%252BZone%2526title%253DFight%252BZone%26desc%3DNo+information+available%26_options_sf&quot;,return)</favourite>
</favourites>