<favourites>
	<favourite name="[COLOR darkmagenta]Supremacy Sports[/COLOR]" thumb="special://home/addons/plugin.video.Supremacy.Sports/icon.png">ActivateWindow(10025,&quot;plugin://plugin.video.Supremacy.Sports/?content_type=video&amp;sf_options=fanart%3Dspecial%3A%2F%2Fhome%2Faddons%2Fplugin.video.Supremacy.Sports%2Ffanart.jpg%26meta%3Dlabel%253D%25255BCOLOR%252Bdarkmagenta%25255DSupremacy%252BSports%25255B%25252FCOLOR%25255D%26_options_sf&quot;,return)</favourite>
	<favourite name="[COLOR lime]LazyMan NHL.tv[/COLOR]" thumb="special://home/addons/video.lazyman.nhl.tv/resources/icon.png">ActivateWindow(10025,&quot;plugin://video.lazyman.nhl.tv/?sf_options=fanart%3Dspecial%3A%2F%2Fhome%2Faddons%2Fvideo.lazyman.nhl.tv%2Fresources%2Ffanart.jpg%26meta%3Dlabel%253D%25255BCOLOR%252Blime%25255DLazyMan%252BNHL.tv%25255B%25252FCOLOR%25255D%26desc%3Dhttp%3A%2F%2Freddit.com%2Fr%2Flazyman%26_options_sf&quot;,return)</favourite>
	<favourite name="[COLOR lime]NHL Streams[/COLOR]" thumb="special://home/addons/plugin.video.nhlstreams/icon.png">ActivateWindow(10025,&quot;plugin://plugin.video.nhlstreams/?sf_options=fanart%3Dspecial%3A%2F%2Fhome%2Faddons%2Fplugin.video.nhlstreams%2Ffanart.jpg%26meta%3Dlabel%253D%25255BCOLOR%252Blime%25255DNHL%252BStreams%25255B%25252FCOLOR%25255D%26desc%3DNHL+Streams+-+a+fork+of+the+original+Lazyman.NHL.tv+Add-on+-+Thanks+to+demons_are_real+%2B+Vinman+for+their+code%26_options_sf&quot;,return)</favourite>
	<favourite name="[COLORyellow]Motor Replays[/COLOR]" thumb="special://home/addons/plugin.video.motorreplays/icon.png">ActivateWindow(10025,&quot;plugin://plugin.video.motorreplays/?sf_options=meta%3Dlabel%253D%25255BCOLORyellow%25255DMotor%252BReplays%25255B%25252FCOLOR%25255D%26desc%3DThe+Home+of+MOTOR+REPLAYS+by+%40Aleighty80%26_options_sf&quot;,return)</favourite>
	<favourite name="Planet MMA" thumb="special://home/addons/plugin.video.ufc-finest/icon.png">ActivateWindow(10025,&quot;plugin://plugin.video.ufc-finest/?sf_options=fanart%3Dspecial%3A%2F%2Fhome%2Faddons%2Fplugin.video.ufc-finest%2Ffanart.jpg%26meta%3Dlabel%253DPlanet%252BMMA%26desc%3DPlanet+MMA+-+All+your+MMA+needs.%26_options_sf&quot;,return)</favourite>
	<favourite name="PureSoccer" thumb="special://home/addons/plugin.video.puresoccer/icon.png">ActivateWindow(10025,&quot;plugin://plugin.video.puresoccer/?sf_options=fanart%3Dspecial%3A%2F%2Fhome%2Faddons%2Fplugin.video.puresoccer%2Ffanart.jpg%26meta%3Dlabel%253DPureSoccer%26desc%3DIncludes+3PM+Kick-Offs%2C+EPL%2C+MLS+and+All+The+Rest+Of+The+Live+Football+Matches+From+Across+The+Globe%26_options_sf&quot;,return)</favourite>
	<favourite name="The Loop" thumb="special://home/addons/plugin.video.the-loop/icon.png">ActivateWindow(10025,&quot;plugin://plugin.video.the-loop/?sf_options=fanart%3Dspecial%3A%2F%2Fhome%2Faddons%2Fplugin.video.the-loop%2Ffanart.jpg%26meta%3Dlabel%253DThe%252BLoop%26desc%3DThe+Loop+is+a+Sports+addon+made+with+the+Jen+template+which+is+derived+from+BOB.+Powered+by+Jen.%26_options_sf&quot;,return)</favourite>
	<favourite name="[COLOR red][B]R[/B][/COLOR][COLOR white][B]ising[/B][/COLOR] [COLOR pink][B]T[/B][/COLOR][COLOR white][B]ides[/B][/COLOR]" thumb="special://home/addons/plugin.video.Rising.Tides/icon.png">ActivateWindow(10025,&quot;plugin://plugin.video.Rising.Tides/?sf_options=fanart%3Dspecial%3A%2F%2Fhome%2Faddons%2Fplugin.video.Rising.Tides%2Ffanart.jpg%26meta%3Dlabel%253D%25255BCOLOR%252Bred%25255D%25255BB%25255DR%25255B%25252FB%25255D%25255B%25252FCOLOR%25255D%25255BCOLOR%252Bwhite%25255D%25255BB%25255Dising%25255B%25252FB%25255D%25255B%25252FCOLOR%25255D%252B%25255BCOLOR%252Bpink%25255D%25255BB%25255DT%25255B%25252FB%25255D%25255B%25252FCOLOR%25255D%25255BCOLOR%252Bwhite%25255D%25255BB%25255Dides%25255B%25252FB%25255D%25255B%25252FCOLOR%25255D%26desc%3DI+don%27t+have+any+affiliation+with+the+content+provider+nor+KODI.Content+freely+available+on+the+internet.More+info+at+%5BCOLOR+lime%5D%5BB%5D%40mullafabz%5B%2FB%5D%5B%2FCOLOR%5D%26_options_sf&quot;,return)</favourite>
	<favourite name="[COLOR red]R[/COLOR][COLOR white]eplay[/COLOR] [COLOR pink]M[/COLOR][COLOR white]e[/COLOR]" thumb="special://home/addons\plugin.video.replayme\icon.png">ActivateWindow(10025,&quot;plugin://plugin.video.replayme/?sf_options=fanart%3Dspecial%3A%2F%2Fhome%2Faddons%5Cplugin.video.replayme%5Cfanart.jpg%26meta%3Dlabel%253D%25255BCOLOR%252Bred%25255DR%25255B%25252FCOLOR%25255D%25255BCOLOR%252Bwhite%25255Deplay%25255B%25252FCOLOR%25255D%252B%25255BCOLOR%252Bpink%25255DM%25255B%25252FCOLOR%25255D%25255BCOLOR%252Bwhite%25255De%25255B%25252FCOLOR%25255D%26desc%3DGet+all+the+major+events+replays+in+one+place+daily.%26_options_sf&quot;,return)</favourite>
	<favourite name="[COLOR gold][B]Gridiron Legends[/B][/COLOR]" thumb="special://home/addons\plugin.video.gridironlegends\icon.png">ActivateWindow(10025,&quot;plugin://plugin.video.gridironlegends/?content_type=video&amp;sf_options=fanart%3Dspecial%3A%2F%2Fhome%2Faddons%5Cplugin.video.gridironlegends%5Cfanart.jpg%26meta%3Dlabel%253D%25255BCOLOR%252Bgold%25255D%25255BB%25255DGridiron%252BLegends%25255B%25252FB%25255D%25255B%25252FCOLOR%25255D%26desc%3DAll-Around+Sports+Addon%26_options_sf&quot;,return)</favourite>
	<favourite name="[B][COLORlime]Joy[COLORmagenta]Ride[/COLOR][/B]" thumb="special://home/addons\plugin.video.joyride\icon.gif">ActivateWindow(10025,&quot;plugin://plugin.video.joyride/?sf_options=fanart%3Dspecial%3A%2F%2Fhome%2Faddons%5Cplugin.video.joyride%5Cfanart.jpg%26meta%3Dlabel%253D%25255BB%25255D%25255BCOLORlime%25255DJoy%25255BCOLORmagenta%25255DRide%25255B%25252FCOLOR%25255D%25255B%25252FB%25255D%26desc%3D%5BCOLORcyan%5DThe+Ultimate+Xtreme+Experience.+The+Absolute+Best+of+the+Racing+and+Xtreme+Sports+Worlds+Plus+Pure+Action+and+Adventure+Direct+Link+Movies.+%5B%2FCOLOR%5D%26_options_sf&quot;,return)</favourite>
	<favourite name="[COLOR orchid]¤[/COLOR] [B][COLOR white][/COLOR][COLOR orchid][/COLOR][COLOR white]Crew Sports[/COLOR][/B]" thumb="special://home/addons/script.thecrew.artwork/resources/media/thecrew/main_bluehat.png">ActivateWindow(10025,&quot;plugin://plugin.video.thecrew/?action=bluehat&amp;sf_options=fanart%3Dspecial%3A%2F%2Fhome%2Faddons%2Fscript.thecrew.artwork%2Fresources%2Fmedia%2Fthecrew%2Ffanart.jpg%26meta%3Dlabel%253D%25255BCOLOR%252Borchid%25255D%2525C2%2525A4%25255B%25252FCOLOR%25255D%252B%25255BB%25255D%25255BCOLOR%252Bwhite%25255D%25255B%25252FCOLOR%25255D%25255BCOLOR%252Borchid%25255D%25255B%25252FCOLOR%25255D%25255BCOLOR%252Bwhite%25255DSports%25255B%25252FCOLOR%25255D%25255B%25252FB%25255D%26_options_sf&quot;,return)</favourite>
	<favourite name="[COLOR red][B]R[/B][/COLOR][COLOR white][B]ising[/B][/COLOR] [COLOR pink][B]T[/B][/COLOR][COLOR white][B]ides[/B][/COLOR]" thumb="special://home/addons/plugin.video.Rising.Tides/icon.png">ActivateWindow(10025,&quot;plugin://plugin.video.Rising.Tides&quot;,return)</favourite>
</favourites>