{
    "access_manager": {
        "current_user": "0", 
        "developers": {}, 
        "last_origin": "plugin.video.youtube", 
        "users": {
            "0": {
                "access_token": "", 
                "id": "fdfca2185bda47e5a588388cf4634bf7", 
                "last_key_hash": "2628f6b48f323e34b20c7399a7c79bbd", 
                "name": "Default", 
                "refresh_token": "", 
                "token_expires": 1584241415, 
                "watch_history": "HL", 
                "watch_later": " WL"
            }
        }
    }
}