<favourites>
	<favourite name="FOXY Settings" thumb="">ExecuteBuiltin(&quot;Addon.OpenSettings(plugin.video.foxystreams)&quot;)</favourite>
	<favourite name="RESOLVE URL Settings" thumb="">ExecuteBuiltin(&quot;Addon.OpenSettings(script.module.resolveurl)&quot;)</favourite>
	<favourite name="SHADOW Settings" thumb="special://home/addons\plugin.video.shadow\resources\artwork/setting.png">ExecuteBuiltin(&quot;Addon.OpenSettings(plugin.video.shadow)&quot;)</favourite>
	<favourite name="VENOM Accounts" thumb="special://home/addons\script.module.myaccounts\icon.png">RunScript(&quot;script.module.myaccounts/?sf_options=fanart%3Dspecial%3A%2F%2Fhome%2Faddons%5Cscript.module.myaccounts%5Cfanart.png%26meta%3Dlabel%253DMy%252BAccounts%26desc%3DSingle+placeholder+for+all+your+accounts.%26_options_sf&quot;)</favourite>
</favourites>